Rank ,Team ,,Conf ,W-L ,AdjEM ,AdjO ,AdjD ,AdjT ,Luck ,AdjEM ,OppO ,OppD ,AdjEM,,,,,,,,
1,Virginia,Virginia,ACC,31-2,32.15,116.5,21,84.4,1,59.1,351,0.032,98,9.99,25,110.9,29,100.9,26,0.22,160
2,Villanova,Villanova,BE,30-4,31.41,127.4,1,96,22,68.2,168,-0.018,222,10.23,20,111.3,19,101,30,4.12,64
3,Duke,Duke,ACC,26-7,29.13,122.6,3,93.5,7,70,78,-0.029,260,10.89,13,110.9,27,100,10,4.6,51
4,Cincinnati,Cincinnati,Amer,30-4,27,113.1,54,86.1,2,64.6,322,-0.004,183,3.19,89,107,97,103.8,91,-4.14,295
5,Purdue,Purdue,B10,28-6,26.66,123.2,2,96.6,29,67.2,219,0.003,167,8.55,44,109.3,54,100.8,22,0.9,146
6,Michigan St,Michigan St,B10,29-4,26.34,120,9,93.6,9,67.1,222,0.048,64,6.49,64,109,62,102.5,68,-4.69,303
7,North Carolina,North Carolina,ACC,25-10,25.03,121.9,4,96.9,34,70.9,50,-0.019,227,14.05,1,112.4,1,98.4,1,7.98,15
8,Gonzaga,Gonzaga,WCC,30-4,24.73,119.8,12,95.1,17,68.9,125,-0.006,191,0.95,127,106.6,107,105.6,154,3.23,83
9,Kansas,Kansas,B12,27-7,23.23,120.9,6,97.7,46,68.4,162,0.06,50,11.49,6,111.7,12,100.2,11,3.7,76
10,Michigan,Michigan,B10,28-7,23.2,115.9,29,92.7,4,64.3,333,0.037,90,8.79,41,111.1,21,102.3,63,-4.53,300
11,Tennessee,Tennessee,SEC,25-8,22.15,114.8,40,92.7,5,66.1,271,0.04,81,11.62,4,112.1,2,100.5,15,7.57,19
12,Texas Tech,Texas Tech,B12,24-9,21.94,114,46,92.1,3,66.5,248,-0.021,236,9.26,37,110.3,38,101.1,33,-5.09,312
13,West Virginia,West Virginia,B12,24-10,21.77,119.1,14,97.4,39,69,118,-0.009,197,10.47,18,109.9,43,99.5,2,-4.24,297
14,Xavier,Xavier,BE,28-5,21.69,120.7,7,99,59,70.4,61,0.109,9,9.62,31,110.3,39,100.7,18,2.09,106
15,Ohio State,Ohio State,B10,24-8,21.11,116.1,27,95,16,66.3,260,0.027,107,8.16,51,109.8,47,101.6,48,0.42,153
16,Auburn,Auburn,SEC,25-7,20.63,118.2,16,97.5,44,72.2,21,-0.012,204,7.53,56,109.1,61,101.5,46,-1.75,215
17,Houston,Houston,Amer,26-7,20.55,115.8,31,95.2,18,68.2,174,-0.009,200,3.4,86,106.7,103,103.3,80,-2.69,250
18,Kentucky,Kentucky,SEC,24-10,20.39,116.4,25,96,23,68.5,155,-0.001,177,11.16,9,111.1,22,99.9,5,5,43
19,Clemson,Clemson,ACC,23-9,20.27,113.8,48,93.5,8,65.6,296,0.004,163,9.77,30,110.9,28,101.1,34,-1.84,217
20,Wichita St,Wichita St,Amer,25-7,20.07,121.9,5,101.8,107,68.6,149,-0.015,215,5.55,74,107.9,78,102.3,64,2.03,108
21,Arizona,Arizona,P12,27-7,19.36,119,15,99.6,70,67.3,215,0.025,116,6.33,66,108.9,65,102.5,69,2.81,86
22,TCU,#N/A,B12,21-11,18.91,120.6,8,101.7,104,68.7,142,-0.058,311,9.82,27,111.4,15,101.6,50,-0.45,178
23,Florida,Florida,SEC,20-12,18.71,115.1,37,96.4,25,66.7,239,-0.049,294,10.74,14,110.7,32,99.9,7,4.49,55
24,Nevada,Nevada,MWC,27-7,18.17,119.9,10,101.7,105,69.4,99,-0.028,259,4.44,79,107.3,90,102.8,72,4.2,61
25,Butler,Butler,BE,20-13,17.86,115.7,32,97.9,48,67.8,189,-0.037,272,10.57,17,111.8,7,101.3,42,0.26,157
26,Seton Hall,Seton Hall,BE,21-11,17.33,116.3,26,99,58,69.3,104,-0.02,234,9.58,34,110.4,36,100.8,24,0.42,152
27,Creighton,Creighton,BE,21-11,17.28,116.4,22,99.2,61,70.8,53,-0.018,226,9.23,38,111.1,20,101.9,55,-3.82,291
28,St. Mary’s,St. Mary’s,WCC,28-5,17.16,119.8,11,102.7,119,63.7,341,-0.003,181,-1.4,172,104.6,181,106,175,-3.66,285
29,Penn State,Penn State,B10,21-13,17.1,113,57,95.9,21,67.5,205,-0.078,336,6.76,61,109.4,51,102.7,71,-6.04,322
30,Texas A&M,Texas A&M,SEC,20-12,16.91,111.2,71,94.3,12,69,120,-0.007,194,11.35,7,112.1,3,100.7,21,5.3,38
31,Notre Dame,Notre Dame,ACC,20-14,16.82,116.1,28,99.3,63,65,317,-0.055,307,9.77,29,110.8,30,101,28,-1.18,194
32,Virginia Tech,Virginia Tech,ACC,21-11,16.63,115,39,98.4,54,68.6,144,-0.003,180,8.18,49,109.9,44,101.7,52,-9.58,344
33,Louisville,Louisville,ACC,20-13,16.59,113.1,55,96.5,27,69.6,91,-0.02,232,9.59,33,110.5,35,100.9,27,-2.05,224
34,Baylor,Baylor,B12,18-14,16.17,111.2,72,95,15,66.4,258,-0.068,323,11.02,11,112.1,4,101.1,31,-3.52,281
35,Florida St,Florida St,ACC,20-11,15.82,115.8,30,100,76,71.6,32,-0.032,265,7.99,54,109.2,59,101.2,38,-6.72,331
36,Miami (FL),Miami (FL),ACC,22-9,15.71,113.3,52,97.6,45,67,225,0.034,95,8.17,50,109.6,50,101.4,44,-3.58,283
37,Arkansas,Arkansas,SEC,23-11,15.63,117.3,19,101.7,103,69.6,90,0.062,41,10.15,22,111,25,100.8,25,1.29,137
38,Missouri,Missouri,SEC,20-12,15.47,113.3,53,97.8,47,65.6,297,-0.021,237,9.61,32,110.1,42,100.4,13,1.31,135
39,Texas,Texas,B12,19-14,15.46,109.4,94,93.9,10,65.2,315,-0.018,223,11.77,3,111.7,11,99.9,4,2.19,104
40,USC,USC,P12,23-11,15.28,115.4,36,100.1,78,67.4,209,-0.014,212,5.96,70,108.9,64,102.9,75,1.8,117
41,NC State,NC State,ACC,21-11,15.13,116.4,24,101.3,100,71.3,40,0.007,156,7.63,55,108.9,63,101.3,41,-9.44,343
42,Loyola Chicago,Loyola Chicago,MVC,28-5,15.09,111.3,68,96.2,24,65.3,312,0.058,53,0.02,140,103.7,225,103.7,90,-5.63,315
43,Davidson,Davidson,A10,21-11,14.91,117.4,18,102.5,115,64.1,335,-0.051,297,1.89,107,105.9,129,104,96,1.73,118
44,Kansas St,Kansas St,B12,22-11,14.75,112.2,60,97.4,41,65.5,302,0.056,56,9.2,39,111.4,17,102.2,60,-6.04,321
45,Arizona St,Arizona St,P12,20-11,14.71,117.6,17,102.9,124,71.5,36,-0.072,332,5.8,72,108.1,75,102.3,62,1.52,125
46,Maryland,Maryland,B10,19-13,14.66,114.1,44,99.4,69,66.2,265,-0.046,287,8.07,52,109.2,57,101.1,37,-4.42,298
47,Oklahoma,Oklahoma,B12,18-13,14.42,115.1,38,100.7,83,75.8,4,0.005,160,11.96,2,111.8,8,99.9,3,2.24,103
48,Rhode Island,Rhode Island,A10,25-7,14.38,111.7,66,97.3,38,68.6,146,0.037,87,2.69,96,107.4,86,104.7,119,4.06,67
49,UCLA,UCLA,P12,21-11,14.38,116.4,23,102.1,110,70.5,57,-0.019,228,6.9,60,108.7,66,101.8,54,3.55,79
50,San Diego St,San Diego St,MWC,22-10,14.14,111.3,69,97.1,36,68.6,147,-0.015,217,3.36,87,107.5,85,104.2,102,-0.17,171
51,Alabama,Alabama,SEC,19-15,13.82,108.4,117,94.6,13,68.7,136,0,173,11.03,10,111,24,100,8,3.02,85
52,Middle Tennessee,Middle Tennessee,CUSA,24-7,13.78,110.4,79,96.7,31,66.3,262,0,176,2.69,97,107.4,87,104.7,117,8.27,13
53,Marquette,Marquette,BE,19-13,13.74,119.3,13,105.6,177,69,116,0.018,126,10.61,16,111.8,9,101.2,39,-0.17,170
54,Syracuse,Syracuse,ACC,20-13,13.6,107.7,129,94.1,11,63.3,342,0.007,157,8.73,43,110.9,26,102.2,61,-0.21,173
55,New Mexico St,New Mexico St,WAC,28-5,13.56,108.4,116,94.9,14,68.2,173,0.032,97,-1.5,177,104.2,199,105.7,162,4.19,62
56,Oklahoma St,Oklahoma St,B12,19-14,13.47,112.1,61,98.7,55,68.4,161,-0.007,192,10.21,21,111.6,13,101.4,45,-5.03,309
57,Nebraska,Nebraska,B10,22-10,13.42,110.9,75,97.5,43,67.5,207,0.066,35,6.65,63,108.6,70,101.9,56,-3.18,269
58,Boise St,Boise St,MWC,23-8,13.12,110.6,77,97.5,42,68.3,164,0.011,144,2.2,99,106.9,100,104.7,118,-1.61,207
59,Murray St,Murray St,OVC,26-5,12.69,113.1,56,100.4,82,67.2,216,-0.013,208,-4.19,261,102.8,275,107,238,-0.78,183
60,Western Kentucky,Western Kentucky,CUSA,24-10,12.55,113.6,50,101.1,93,68.7,140,-0.006,189,2.01,104,106.2,116,104.2,103,3.91,72
61,LSU,LSU,SEC,17-14,12.47,115.6,33,103.1,128,68.2,171,-0.03,263,8.74,42,110.4,37,101.6,51,-2.69,251
62,Mississippi St,Mississippi St,SEC,22-11,12.35,109.6,91,97.2,37,67.6,200,0.029,105,6.06,69,108.5,72,102.4,65,-10.42,345
63,Providence,Providence,BE,21-13,11.92,108.9,105,97,35,67,223,0.088,20,10.42,19,112,5,101.6,49,-1.02,187
64,Georgia,Georgia,SEC,18-15,11.91,107.8,128,95.8,20,64.3,332,0.01,145,10.66,15,111.8,10,101.1,36,0.96,143
65,Utah,Utah,P12,19-11,11.87,111.8,64,100,75,65.6,299,0.015,133,6.16,67,109.1,60,103,76,-0.8,184
66,Louisiana Lafayette,#N/A,SB,27-6,11.38,113.5,51,102.1,111,70.2,69,0.045,67,-2.8,228,103.5,238,106.3,196,-0.35,176
67,Old Dominion,Old Dominion,CUSA,25-7,11.33,108.7,108,97.4,40,64.4,330,0.041,76,-1.74,186,104.4,190,106.2,186,-3.25,275
68,South Dakota,South Dakota,Sum,26-8,11.24,110,84,98.8,56,70.3,67,-0.047,289,-2.52,217,105.3,152,107.9,281,-1.34,199
69,St. Bonaventure,#N/A,A10,25-7,11.2,112.3,59,101.1,94,69.2,108,0.077,25,2.2,100,107,98,104.8,121,1.44,128
70,BYU,BYU,WCC,24-10,10.97,109,103,98.1,52,67.3,212,0.021,121,0.91,129,107,96,106.1,181,-1.9,219
71,Montana,Montana,BSky,26-7,10.82,110.1,82,99.3,66,67.9,183,-0.005,185,-2.18,203,104.3,197,106.4,205,2.51,91
72,Vermont,Vermont,AE,27-7,10.75,114.1,43,103.3,130,63.7,340,-0.051,295,-3.73,251,102.5,283,106.3,191,4.7,49
73,Boston College,#N/A,ACC,19-15,10.71,113.8,47,103.1,125,70.1,73,0.005,161,8.28,48,109.3,53,101.1,32,-6.88,335
74,Wisconsin,Wisconsin,B10,15-18,10.61,110,85,99.4,68,62.6,347,-0.068,324,10.06,23,111.3,18,101.3,40,0.14,164
75,Buffalo,Buffalo,MAC,26-8,10.58,114.3,42,103.7,136,72.8,15,-0.005,188,-0.94,163,104.8,171,105.8,165,4.07,66
76,Oregon,Oregon,P12,22-12,10.57,110.9,76,100.3,80,66.7,242,0.01,146,3.84,81,108.3,74,104.4,109,-5.9,320
77,South Dakota St,#N/A,Sum,28-6,10.48,114.5,41,104,148,70.2,72,0.111,7,-0.22,143,106.1,120,106.3,195,3.89,73
78,Indiana,Indiana,B10,16-15,10.38,109.7,90,99.3,65,66.5,246,-0.025,254,8.02,53,110.1,41,102.1,58,-2.47,240
79,Fresno St,Fresno St,MWC,21-11,10.19,110.1,83,99.9,74,66.5,247,-0.057,309,1.24,121,106.3,113,105.1,132,-5.84,319
80,St. John's,#N/A,BE,16-17,10.09,106.7,142,96.6,28,69.2,105,-0.016,219,11.24,8,111.9,6,100.7,19,3.63,77
81,South Carolina,#N/A,SEC,17-16,9.99,105.8,158,95.8,19,68.6,150,0.003,168,9.98,26,110.5,34,100.5,16,0.94,145
82,UNC Greensboro,#N/A,SC,27-7,9.06,105.7,164,96.6,30,64.9,318,-0.011,203,-4.98,282,103.6,232,108.6,318,-3.2,272
83,Belmont,Belmont,OVC,24-9,9.02,113,58,104,146,66.9,234,-0.004,182,-3.05,233,103.5,241,106.6,215,1.55,123
84,Stanford,Stanford,P12,18-15,8.79,108.5,115,99.7,71,70.3,66,0.014,139,6.73,62,109.9,45,103.1,78,4.12,63
85,SMU,#N/A,Amer,17-16,8.78,109.9,86,101.1,95,64.2,334,-0.102,347,2.8,95,105.9,127,103.1,77,-3.76,289
86,Temple,Temple,Amer,17-15,8.29,109,101,100.8,87,67.5,203,0.039,82,8.43,46,109.2,58,100.7,20,9.23,9
87,Northwestern,Northwestern,B10,15-17,8.26,109.2,98,101,92,63.8,339,-0.068,325,8.81,40,109.4,52,100.6,17,-1.61,208
88,Vanderbilt,Vanderbilt,SEC,12-20,8.08,115.6,34,107.5,215,65.7,287,-0.08,337,11.5,5,111.4,16,99.9,6,4.64,50
89,Wake Forest,Wake Forest,ACC,11-20,8,111.1,73,103.1,127,69.3,103,-0.12,350,9.36,36,109.8,46,100.5,14,-1.17,193
90,Utah Valley,#N/A,WAC,22-10,7.93,111,74,103.1,126,67.6,197,0.007,154,-1.52,178,102.9,268,104.5,111,1.81,116
91,Iowa,Iowa,B10,14-19,7.91,116.7,20,108.8,246,70.3,68,-0.09,341,8.28,47,109.6,49,101.3,43,-3.87,292
92,East Tennessee St.,#N/A,SC,25-9,7.51,105.6,166,98,51,67.5,201,0,175,-3.89,257,104.1,208,108,288,-1.41,201
93,Furman,Furman,SC,23-10,7.42,109.3,97,101.9,108,68.5,154,-0.005,187,-4.23,263,103.5,243,107.7,274,-0.66,182
94,Oregon St,Oregon St,P12,16-16,7.37,108.8,106,101.4,101,65.5,305,-0.083,340,3.64,83,107.9,77,104.3,105,-6.98,336
95,Northern Kentucky,#N/A,Horz,22-9,7.3,108.2,120,100.9,90,68.5,157,-0.065,319,-5.08,285,102.4,294,107.5,265,1.99,109
96,Georgia St,Georgia St,SB,24-10,7.22,109,102,101.8,106,66.8,235,-0.022,238,-2.77,227,103.7,226,106.5,210,-2.86,257
97,Northeastern,#N/A,CAA,23-10,7.18,107.9,124,100.7,85,66.9,231,0.03,100,-1.15,169,106.6,105,107.8,277,4.34,57
98,Washington,Washington,P12,20-12,7,106.2,152,99.2,62,69.4,100,0.08,21,4.77,77,108.6,69,103.8,92,0.17,163
99,Georgetown,Georgetown,BE,15-15,6.94,109.8,89,102.9,123,70.4,60,-0.046,286,6.08,68,108.6,68,102.5,67,-17.99,351
100,Bucknell,Bucknell,Pat,25-9,6.81,109.2,99,102.4,112,71.4,37,0.02,125,-4.84,279,102.8,271,107.7,272,6.16,29
101,DePaul,DePaul,BE,11-20,6.73,104.7,183,98,49,69.8,86,-0.103,348,9.79,28,111.5,14,101.7,53,-4.06,293
102,New Mexico,#N/A,MWC,19-15,6.65,113.7,49,107,207,71.2,42,-0.022,241,3.1,90,106.5,111,103.4,81,1.83,115
103,Illinois,Illinois,B10,14-18,6.58,109.8,88,103.3,129,69.8,84,-0.093,343,7.5,57,108.6,67,101.1,35,-2.87,258
104,Iowa St,#N/A,B12,13-18,6.56,110.1,81,103.6,132,68.9,128,-0.009,196,11,12,111,23,100,9,-2.88,259
105,Mississippi,Mississippi,SEC,12-20,6.52,111.5,67,104.9,163,70,77,-0.053,301,10.03,24,110.2,40,100.2,12,1,142
106,UNLV,UNLV,MWC,20-13,6.51,111.7,65,105.2,169,72.3,20,-0.012,205,1.21,122,106.5,109,105.3,145,-4.72,304
107,Tulsa,Tulsa,Amer,19-12,6.18,108.6,113,102.4,114,67.2,221,0.029,104,1.09,125,106.1,117,105,131,-1.74,214
108,Northern Colorado,#N/A,BSky,22-12,6.12,107.4,134,101.3,99,71.2,45,-0.044,284,-0.94,164,105.4,144,106.4,201,1.92,112
109,UCF,#N/A,Amer,19-13,5.8,99.2,279,93.4,6,64.3,331,0.062,45,2.98,93,107.1,93,104.1,100,-2.11,229
110,Colorado,Colorado,P12,17-15,5.66,105.4,169,99.7,72,67.7,194,0.068,34,6.92,59,110.8,31,103.9,93,0.34,154
111,Stephen F. Austin,#N/A,Slnd,28-6,5.62,105,176,99.4,67,71.1,48,0.037,85,-7.52,330,100.8,330,108.3,311,-2.07,225
112,Grand Canyon,#N/A,WAC,22-11,5.5,102.4,227,96.9,33,69,119,-0.055,306,-6.46,308,100.3,337,106.8,226,-10.88,346
113,UAB,UAB,CUSA,20-13,5.47,109.5,92,104,149,67.6,199,-0.047,291,-1.49,176,104.5,187,106,177,-6.77,332
114,Marshall,Marshall,CUSA,24-10,5.39,109.3,96,103.9,143,74.8,6,0.04,80,-1.66,184,104.8,175,106.4,203,-6.8,334
115,Wyoming,Wyoming,MWC,20-13,5.09,105.9,156,100.8,89,73.4,11,0.068,33,3.83,82,107.8,79,104,94,2.73,88
116,Toledo,Toledo,MAC,23-11,5.03,114.1,45,109,252,68.4,163,0.049,62,-1.93,193,104.2,201,106.1,184,-1.98,220
117,Georgia Tech,#N/A,ACC,13-19,5.02,103.9,193,98.9,57,66.1,274,-0.022,242,8.49,45,109.3,55,100.8,23,-5.63,316
118,Saint Joseph's,#N/A,A10,16-16,5.02,105.7,161,100.7,84,70.4,58,-0.052,299,0.92,128,105.9,131,104.9,126,1.98,110
119,Minnesota,Minnesota,B10,15-17,4.98,109,104,104,147,69.7,88,-0.02,233,7.06,58,109.2,56,102.2,59,-4.8,306
120,College of Charleston,#N/A,CAA,26-7,4.74,109.9,87,105.1,167,64.6,324,0.049,63,-4.6,270,104.8,170,109.4,339,-7.44,337
121,UC Santa Barbara,#N/A,BW,23-9,4.68,111.9,63,107.2,210,66.6,244,0.034,94,-3.17,235,102.5,286,105.7,158,-0.12,168
122,Missouri St.,#N/A,MVC,18-15,4.53,108.5,114,104,145,65.4,308,-0.046,288,1.08,126,104.3,195,103.2,79,-2.81,256
123,Northern Iowa,#N/A,MVC,16-16,4.22,103.3,212,99.1,60,62.6,349,-0.032,264,4.6,78,107.1,92,102.5,70,6.41,27
124,San Diego,San Diego,WCC,18-13,3.96,104,192,100,77,66.8,238,-0.02,235,0.5,135,105.4,149,104.8,124,-2.57,244
125,Idaho,Idaho,BSky,22-9,3.73,109.5,93,105.8,182,65.5,301,0.039,83,-3.5,246,103.7,227,107.2,253,-2.64,249
126,Bradley,Bradley,MVC,20-13,3.72,104.5,187,100.8,88,65.7,290,0.042,75,1.11,124,105.1,162,104,95,-4.23,296
127,Penn,#N/A,Ivy,24-8,3.7,103.5,205,99.8,73,68.8,130,0.078,23,-4.62,271,103.7,228,108.3,309,-2.76,252
128,UC Davis,UC Davis,BW,22-10,3.6,104.7,184,101.1,96,66.4,254,0.045,68,-1.02,166,104.1,209,105.1,134,4.59,53
129,Canisius,Canisius,MAAC,21-11,3.48,107.8,127,104.3,153,68.6,143,-0.019,229,-4.46,269,103,265,107.5,263,-2.64,248
130,Eastern Washington,#N/A,BSky,20-14,3.48,108.3,118,104.9,160,66.1,273,-0.007,193,0.2,138,105.7,136,105.5,152,6.82,24
131,UT Arlington,#N/A,SB,21-13,3.43,105.8,157,102.4,113,72.7,16,0.009,152,-1.07,167,104.7,177,105.7,163,-1.24,196
132,Florida Gulf Coast,#N/A,ASun,23-11,3.41,108.3,119,104.9,161,71.2,44,-0.054,303,-7.46,328,102.4,292,109.9,342,-0.56,179
133,Rutgers,Rutgers,B10,15-19,2.94,99.4,272,96.5,26,65.9,278,-0.043,283,5.66,73,108.6,71,102.9,74,-14.06,348
134,Iona,Iona,MAAC,20-13,2.88,110.2,80,107.4,212,70.6,56,-0.022,239,-2.38,211,103.3,255,105.6,156,2.28,101
135,Wright St,#N/A,Horz,25-9,2.81,101.1,248,98.2,53,68.2,175,0.056,57,-4.78,276,102.6,281,107.3,257,2.32,100
136,Utah St,#N/A,MWC,17-17,2.65,107.5,131,104.9,162,66.7,240,-0.014,211,3.09,91,107.2,91,104.1,99,-0.66,181
137,Southern Illinois,#N/A,MVC,20-13,2.61,106.3,147,103.7,138,66.5,249,0.073,28,1.34,118,104.9,169,103.5,85,-3.72,286
138,Evansville,Evansville,MVC,17-15,2.6,99.5,271,96.9,32,65.6,294,0.015,137,1.42,117,105.8,133,104.3,107,-3.23,274
139,Rider,Rider,MAAC,22-9,2.51,109.3,95,106.8,198,73.5,9,0.095,16,-2.88,231,103.3,253,106.2,188,0.64,151
140,UC Irvine,UC Irvine,BW,18-17,2.49,100.5,253,98,50,66.8,237,-0.025,252,1.73,110,106.4,112,104.7,116,9.61,8
141,VCU,VCU,A10,18-15,2.31,106.4,146,104.1,151,70.8,52,0.015,134,0.8,132,105.7,135,104.9,125,1.35,133
142,San Francisco,#N/A,WCC,18-15,2.25,103.1,216,100.9,91,66.5,250,0.043,72,1.32,119,107.6,83,106.3,193,-1.04,188
143,Indiana St,Indiana St,MVC,13-18,2.19,104.8,182,102.6,118,69.9,81,-0.097,346,2.95,94,105.4,145,102.5,66,1.56,122
144,Eastern Michigan,#N/A,MAC,21-12,2.17,103.4,209,101.2,98,64.5,326,0.004,164,-2.21,205,105.7,138,107.9,286,-2.09,227
145,Harvard,Harvard,Ivy,18-13,2.14,101.4,243,99.3,64,65.4,307,0,174,-1.25,170,105.3,154,106.6,216,3.73,75
146,Saint Louis,Saint Louis,A10,17-16,2.12,102.4,224,100.3,79,64,336,0.003,166,1.55,114,107.3,89,105.8,166,1.3,136
147,Illinois St.,#N/A,MVC,18-15,2.06,105.8,160,103.7,135,68.8,131,0.116,5,4.94,75,106.5,108,101.6,47,6.83,23
148,Mercer,Mercer,SC,18-14,1.86,112,62,110.2,272,63.8,338,-0.069,328,-3.37,241,103,263,106.4,202,0.25,158
149,Jacksonville St,#N/A,OVC,21-12,1.82,102.1,233,100.3,81,65.8,284,-0.026,256,-5.28,290,103.5,244,108.8,324,-9.1,341
150,Georgia Southern,#N/A,SB,21-12,1.77,106.3,150,104.5,157,68.8,135,0.015,135,-2.12,200,103.4,250,105.5,151,-1.24,195
151,Valparaiso,Valparaiso,MVC,15-17,1.58,103.2,214,101.6,102,69.6,92,-0.053,302,1.7,111,105.4,146,103.7,88,-2.3,236
152,Albany,Albany,AE,22-10,1.44,107.3,136,105.9,185,66.1,272,0.007,158,-6.41,306,101.8,309,108.2,301,-4.88,307
153,Cal St. Fullerton,#N/A,BW,20-11,1.32,105,177,103.7,134,69.5,97,0.089,19,-1.28,171,103.8,218,105.1,137,3.48,80
154,Louisiana Tech,#N/A,CUSA,17-16,1.19,106.9,140,105.7,180,67.3,213,-0.067,322,-0.89,160,104.1,204,105,129,-3.07,266
155,Wofford,Wofford,SC,21-12,1.12,108.7,109,107.6,221,65.9,281,0.058,52,-2.12,201,104.2,202,106.3,194,2.34,97
156,La Salle,La Salle,A10,13-19,1.06,105.1,175,104.1,150,68.8,129,-0.072,333,1.46,115,106,122,104.6,114,2.49,94
157,Weber St.,#N/A,BSky,20-11,1.03,107.1,139,106,187,67.5,204,0.037,89,-2.51,216,104.4,192,106.9,232,0.18,161
158,Towson,Towson,CAA,18-14,1.02,106.1,153,105.1,165,67.8,188,-0.07,330,-2.8,229,105.2,158,108,291,-2.34,237
159,Drake,Drake,MVC,17-16,0.97,106.3,151,105.3,171,68.1,177,0.024,117,2.01,105,105.6,140,103.6,86,0.09,165
160,Memphis,Memphis,Amer,21-13,0.95,107.9,125,106.9,202,66.5,252,0.135,2,0.86,131,105.1,160,104.3,106,-6.06,323
161,Hofstra,Hofstra,CAA,19-12,0.81,111.3,70,110.4,280,68.8,132,0.062,46,-1.66,183,105.9,130,107.5,267,2.27,102
162,Winthrop,Winthrop,BSth,19-12,0.79,106.3,148,105.6,176,71.6,31,-0.037,273,-5.34,291,102,302,107.3,259,2.54,90
163,Portland St.,#N/A,BSky,20-13,0.75,108.6,112,107.9,227,74.7,7,0.036,91,-0.53,151,105.5,141,106,174,3.88,74
164,Fort Wayne,#N/A,Sum,18-15,0.58,108.1,121,107.6,219,72.5,18,-0.072,331,-2.19,204,104.9,168,107.1,246,-2.38,238
165,Lipscomb,Lipscomb,ASun,23-9,0.38,103.8,196,103.4,131,74.8,5,0.114,6,-4.91,280,103.1,260,108,295,6.12,30
166,Pacific,Pacific,WCC,14-18,0.24,107.2,137,107,205,66.2,264,-0.016,218,2.2,101,106.6,104,104.4,110,2.35,96
167,Tulane,Tulane,Amer,14-17,0.18,107.2,138,107,206,68.9,127,-0.018,221,1.17,123,105.3,155,104.1,98,-5.84,318
168,Dayton,Dayton,A10,14-17,0.08,108.7,111,108.6,237,66.1,269,-0.004,184,1.7,112,106.1,118,104.4,108,1.72,119
169,Central Michigan,#N/A,MAC,20-14,0.08,109.1,100,109,251,67.2,220,-0.033,269,-3.54,247,103.5,240,107.1,243,-9,340
170,Radford,Radford,BSth,22-12,-0.02,103.6,202,103.6,133,62.7,346,0.044,69,-4.39,267,102.6,278,107,241,4.01,70
171,Wagner,Wagner,NEC,23-9,-0.1,103.8,195,103.9,142,67.3,214,0.069,30,-8.5,336,101.5,316,110,344,0.24,159
172,William & Mary,#N/A,CAA,19-12,-0.12,115.4,35,115.5,335,69.9,80,0.098,13,-0.7,156,106,126,106.7,221,3.61,78
173,North Dakota St.,#N/A,Sum,15-17,-0.15,105.4,168,105.6,178,66.4,255,-0.078,335,0.39,137,106.8,101,106.5,208,1.87,113
174,Ball St.,#N/A,MAC,19-13,-0.22,103.6,204,103.8,139,69.8,83,0.06,51,-1.97,195,105,167,107,233,-1.28,198
175,Connecticut,Connecticut,Amer,14-18,-0.25,105.3,172,105.5,175,66.9,232,0.075,26,6.37,65,108.3,73,101.9,57,5.28,39
176,UTSA,#N/A,CUSA,19-14,-0.31,105.3,171,105.6,179,71.5,34,0.041,77,-1.01,165,104.2,200,105.2,143,1.62,121
177,Troy,Troy,SB,16-17,-0.38,106.4,145,106.8,197,68.2,172,-0.065,318,-0.92,162,104.2,203,105.1,135,-0.12,169
178,Oakland,Oakland,Horz,19-14,-0.77,107.3,135,108.1,230,70.2,71,0.011,143,-4.71,272,102.9,270,107.6,268,1.32,134
179,Liberty,Liberty,BSth,21-14,-0.79,104.5,185,105.3,172,63,344,-0.061,314,-6.58,310,102,299,108.6,319,-5.05,310
180,Richmond,Richmond,A10,12-20,-0.8,107.6,130,108.4,234,67.9,186,-0.022,240,2.99,92,107,95,104,97,5.55,33
181,Monmouth,Monmouth,MAAC,11-20,-1.07,103.9,194,105,164,69.9,79,-0.112,349,-0.47,150,105.3,153,105.8,167,5.22,41
182,Washington St.,#N/A,P12,12-19,-1.44,108.8,107,110.2,273,68.2,170,0.004,162,4.9,76,107.8,81,102.9,73,-1.48,204
183,Nicholls St.,#N/A,Slnd,21-11,-1.55,103.6,203,105.2,168,73.4,12,0.037,86,-5.36,292,102.5,290,107.8,278,4.01,69
184,UMBC,#N/A,AE,24-10,-1.91,103.4,210,105.3,170,68.1,178,0.145,1,-5.63,296,102.5,285,108.1,297,-3.4,278
185,North Texas,North Texas,CUSA,15-17,-2.11,103.2,213,105.4,173,66.2,263,-0.04,279,-1.13,168,103.6,231,104.8,120,0.89,147
186,Western Michigan,#N/A,MAC,17-15,-2.2,106.5,143,108.7,241,67.7,192,0.01,148,-1.87,190,104.6,179,106.5,209,-2.39,239
187,Long Beach St.,#N/A,BW,15-18,-2.21,106.5,144,108.7,240,71.7,27,0.027,106,1.81,109,105.4,143,103.6,87,8.92,10
188,Austin Peay,Austin Peay,OVC,18-14,-2.31,105.2,174,107.5,218,68.7,139,0.065,39,-2.05,198,103.8,221,105.8,169,4.34,56
189,Seattle,Seattle,WAC,20-13,-2.32,104.3,189,106.7,196,67.2,217,0.055,58,-3.62,248,102.5,288,106.1,180,-4.77,305
190,Southeastern Louisiana,#N/A,Slnd,22-11,-2.36,103.4,207,105.8,181,65.6,298,0.095,15,-5.52,295,101.5,318,107,239,1.52,126
191,Princeton,Princeton,Ivy,13-16,-2.45,105.6,165,108.1,231,64.4,329,-0.055,305,-1.74,187,104.6,180,106.4,199,2.33,99
192,UNC Asheville,#N/A,BSth,21-12,-2.49,105.8,159,108.3,232,69.1,115,0.111,8,-3.8,253,103.3,254,107.1,245,5.97,31
193,Miami OH,#N/A,MAC,16-17,-2.55,99.4,273,101.9,109,66.6,243,0.026,108,-0.56,152,105.2,157,105.8,164,2.08,107
194,George Washington,#N/A,A10,15-18,-2.7,103.7,199,106.4,191,65.7,288,0.036,93,0.57,134,105.9,128,105.3,147,0.29,156
195,Ohio,Ohio,MAC,14-17,-3,100.8,252,103.8,140,71.2,43,-0.047,292,-1.46,174,105.1,163,106.5,213,-1.89,218
196,Hawaii,Hawaii,BW,17-13,-3.13,99.6,269,102.7,121,67.8,191,0.034,96,-3.46,244,103.4,248,106.9,230,-3.39,277
197,Yale,Yale,Ivy,16-15,-3.18,104,191,107.2,211,68.7,138,0.042,73,-1.59,181,105.4,147,107,237,1.84,114
198,Tennessee St.,#N/A,OVC,15-15,-3.37,97.8,307,101.2,97,65.5,300,0.016,131,-2.81,230,103.9,217,106.7,224,4.21,60
199,Niagara,Niagara,MAAC,19-13,-3.52,110.6,78,114.1,324,73.3,14,0.093,18,-4.03,259,103.1,261,107.1,249,-3.22,273
200,Duquesne,Duquesne,A10,16-16,-3.56,104.9,178,108.5,235,66.2,268,-0.059,312,-5.87,299,101.8,311,107.6,270,-16.58,350
201,Central Arkansas,#N/A,Slnd,17-16,-3.57,106.1,154,109.7,266,72.6,17,-0.014,213,-5.4,294,101,328,106.5,207,-1.66,211
202,Lamar,Lamar,Slnd,19-13,-3.62,102.2,231,105.8,183,67.5,202,-0.051,298,-7.05,321,100.8,331,107.8,279,-1.44,202
203,Illinois Chicago,#N/A,Horz,17-15,-3.69,100.8,251,104.5,156,71.9,25,-0.013,206,-5.04,283,102.4,293,107.5,262,-1.36,200
204,St. Francis PA,#N/A,NEC,18-12,-3.71,107.5,133,111.2,296,68,181,0.04,78,-7.27,326,101.9,306,109.2,333,3.23,82
205,Milwaukee,#N/A,Horz,16-17,-3.75,100.2,256,103.9,141,65.6,293,-0.023,245,-4.81,278,102.5,282,107.4,260,-2,222
206,Denver,Denver,Sum,15-15,-3.94,103,217,106.9,200,66.4,256,0.026,110,-1.54,179,105.2,159,106.7,225,-2.95,260
207,Massachusetts,#N/A,A10,13-20,-4.03,106.7,141,110.8,285,66.3,261,-0.013,210,-0.21,142,104.8,174,105,128,-2.81,255
208,Appalachian St.,#N/A,SB,15-18,-4.04,103.7,198,107.8,225,70,76,-0.026,257,-2.25,207,103.5,242,105.7,161,0,166
209,Coastal Carolina,#N/A,SB,14-18,-4.07,102.1,235,106.2,188,67.7,193,-0.052,300,-1.86,189,104.1,207,105.9,171,1.14,141
210,Colgate,Colgate,Pat,19-13,-4.11,105.3,170,109.4,260,66.2,267,0.044,70,-6.61,312,102,303,108.6,317,-2.52,243
211,Fairfield,Fairfield,MAAC,17-16,-4.2,102.4,228,106.6,194,70.4,59,0.051,61,-4.08,260,103.6,235,107.7,271,-0.62,180
212,Sam Houston St.,#N/A,Slnd,19-14,-4.45,102.1,234,106.6,195,66.6,245,0.025,115,-4.75,274,102.5,289,107.2,252,4.59,52
213,Kent St.,#N/A,MAC,17-17,-4.54,102.4,226,106.9,201,68.6,151,0.066,38,-1.59,182,104.6,183,106.2,185,-1.67,213
214,Hartford,Hartford,AE,19-13,-4.8,102.6,220,107.4,214,66.4,259,0.068,31,-6.43,307,101.4,320,107.9,283,-6.2,326
215,Saint Peter's,#N/A,MAAC,14-18,-4.82,95.9,323,100.8,86,62.5,350,-0.037,271,-3.94,258,104.4,194,108.3,310,-5.02,308
216,Manhattan,Manhattan,MAAC,14-17,-4.84,99.6,266,104.5,154,65.7,289,-0.007,195,-3.85,255,104,211,107.9,280,-3.58,284
217,Southern Miss,#N/A,CUSA,16-18,-4.89,105.7,162,110.6,283,65.4,309,0.037,84,1.85,108,105.4,148,103.5,84,4.31,58
218,Tennessee Tech,#N/A,OVC,19-14,-5.13,98.8,288,103.9,144,70.8,51,0.118,3,-2.61,221,104.5,188,107.1,247,-0.2,172
219,George Mason,#N/A,A10,16-17,-5.16,102.4,225,107.6,220,69,121,0.117,4,-0.43,148,105.7,137,106.1,183,-3.43,279
220,South Alabama,#N/A,SB,14-18,-5.3,97.2,310,102.5,116,70.2,70,-0.033,268,-2.67,222,103.4,247,106.1,182,-6.09,324
221,Idaho St.,#N/A,BSky,14-16,-5.47,103.6,201,109.1,255,68.1,180,-0.005,186,-3.19,237,104.4,191,107.6,269,-1.83,216
222,Loyola Marymount,#N/A,WCC,11-20,-5.48,107.9,126,113.3,320,66.8,236,0.012,141,1.44,116,106.1,119,104.7,115,-2.03,223
223,Louisiana Monroe,#N/A,SB,16-15,-5.49,101.1,247,106.6,193,65.8,283,0.047,66,-2.68,224,103.1,262,105.8,168,-2.8,254
224,Stony Brook,Stony Brook,AE,13-19,-5.53,97,314,102.5,117,68.3,165,0.009,150,-2.1,199,104.6,185,106.7,223,1.42,130
225,Colorado St.,#N/A,MWC,11-21,-5.56,103,218,108.5,236,69.5,96,0.037,88,4.28,80,107.7,82,103.4,82,1.5,127
226,Pittsburgh,Pittsburgh,ACC,8-24,-5.6,99.2,278,104.8,159,65,316,0.007,155,9.55,35,110.6,33,101,29,-3.34,276
227,Campbell,Campbell,BSth,16-15,-5.61,104.8,181,110.4,279,67.9,185,-0.069,327,-7.22,324,101.3,325,108.5,313,-7.86,338
228,Texas St.,#N/A,SB,15-18,-5.66,100.1,258,105.8,184,62.6,348,0.003,169,-2.59,218,103.7,230,106.2,190,-6.52,329
229,Navy,Navy,Pat,20-12,-5.77,98.9,285,104.7,158,65.3,311,0.095,17,-8.01,332,101.3,326,109.3,335,-6.19,325
230,Oral Roberts,Oral Roberts,Sum,11-21,-6.02,106.3,149,112.3,309,65.2,314,-0.033,267,3.42,85,107.9,76,104.5,112,8.75,11
231,Mount St. Mary's,#N/A,NEC,18-14,-6.07,104.1,190,110.2,274,64.6,323,0.029,103,-8.07,334,101.4,321,109.5,340,-3.19,270
232,Air Force,Air Force,MWC,12-19,-6.13,100.9,249,107,203,65.9,279,0.022,120,2.12,103,106.3,115,104.1,101,-4.67,302
233,Columbia,Columbia,Ivy,8-19,-6.14,107.5,132,113.7,322,69.9,82,-0.146,351,-3.3,240,103.2,257,106.5,211,-1.08,191
234,North Dakota,North Dakota,BSky,12-20,-6.17,103.4,208,109.6,265,71.4,38,0.015,132,1.58,113,106.7,102,105.1,136,6.98,22
235,FIU,#N/A,CUSA,14-18,-6.18,98.3,298,104.5,155,68.9,124,-0.039,277,-3.7,249,103,267,106.7,222,-6.78,333
236,James Madison,#N/A,CAA,10-22,-6.2,101.5,242,107.7,223,67.8,190,-0.025,253,-2.01,197,106,123,108,293,-0.83,185
237,Bowling Green,#N/A,MAC,16-16,-6.23,102.4,229,108.6,238,70,75,0.066,37,-2.48,215,104.1,206,106.6,218,-4.42,299
238,Lehigh,Lehigh,Pat,16-14,-6.23,106,155,112.2,308,70.7,55,0.042,74,-6.59,311,101.6,313,108.2,302,-1.54,205
239,Cal St. Bakersfield,#N/A,WAC,12-18,-6.29,97.8,305,104.1,152,65.3,313,-0.024,249,1.28,120,106.1,121,104.8,122,5.27,40
240,High Point,High Point,BSth,14-16,-6.62,100.4,255,107,204,65.8,285,-0.082,339,-6.28,303,102,304,108.3,304,-1.64,210
241,California,California,P12,8-24,-6.78,98.7,292,105.5,174,68.6,148,0.008,153,5.93,71,109.6,48,103.7,89,-2.29,235
242,Florida Atlantic,#N/A,CUSA,12-19,-7,95.8,327,102.8,122,69.2,109,-0.025,251,-0.91,161,104.8,173,105.7,160,-0.24,175
243,UTEP,#N/A,CUSA,11-20,-7.21,97.9,303,105.1,166,67.6,198,-0.039,276,-1.58,180,104.4,193,106,173,-2.07,226
244,Southern Utah,#N/A,BSky,13-19,-7.45,102.7,219,110.1,270,71.7,28,0.062,43,0.11,139,106.5,110,106.4,200,5.41,36
245,Robert Morris,#N/A,NEC,16-17,-7.45,95.2,330,102.7,120,69.2,107,0.036,92,-5.12,286,103.3,251,108.5,312,1.43,129
246,Hampton,Hampton,MEAC,19-15,-7.58,101.7,240,109.3,257,71.6,30,-0.017,220,-11.41,347,99.6,342,111,350,1.38,132
247,UNC Wilmington,#N/A,CAA,11-21,-7.59,104.5,186,112.1,306,71.9,26,-0.023,243,-0.22,144,107,99,107.2,251,3.05,84
248,Charleston Southern,#N/A,BSth,15-16,-7.59,99.6,267,107.2,209,66.4,257,-0.019,231,-5.94,301,102.8,276,108.7,320,-0.95,186
249,Texas Southern,#N/A,SWAC,15-19,-7.65,105.3,173,112.9,315,71.5,35,-0.009,199,-6.73,314,101,329,107.7,273,17.48,1
250,Delaware,Delaware,CAA,14-19,-7.72,102.2,230,109.9,269,65.8,282,0.015,138,-2.42,213,105.5,142,107.9,285,-3.15,268
251,LIU Brooklyn,#N/A,NEC,18-16,-7.8,103.3,211,111.1,295,71.3,39,0.015,136,-8.39,335,100.6,335,109,330,-5.77,317
252,Elon,Elon,CAA,14-18,-7.82,103.8,197,111.6,301,67.2,218,0.061,48,-0.87,158,105.7,134,106.6,220,2.5,92
253,Drexel,Drexel,CAA,13-20,-7.86,103.1,215,111,293,68.9,122,0.064,40,-2.01,196,105.9,132,107.9,282,-2.09,228
254,Northern Illinois,#N/A,MAC,13-19,-7.96,103.5,206,111.5,299,67,229,0.002,172,-1.49,175,105,165,106.5,212,-3.8,290
255,NJIT,NJIT,ASun,14-16,-8.04,98.8,286,106.9,199,66.9,233,-0.024,246,-7,320,103.8,223,110.8,348,-2.27,234
256,Southeast Missouri St.,#N/A,OVC,14-17,-8.15,108.7,110,116.8,339,69.1,112,0.021,123,-4.29,265,102.3,296,106.5,214,-2.16,231
257,Eastern Illinois,#N/A,OVC,12-19,-8.24,99.3,275,107.5,216,65.5,304,0.009,149,-2.23,206,103.8,224,106,176,2.17,105
258,Akron,Akron,MAC,14-18,-8.24,102.1,237,110.3,276,67.7,195,0.068,32,-1.93,192,104.8,172,106.8,227,-5.06,311
259,UT Rio Grande Valley,#N/A,WAC,15-17,-8.35,99.5,270,107.9,226,73.7,8,0.077,24,-2.34,209,102.5,291,104.8,123,-2.51,242
260,Boston University,#N/A,Pat,15-16,-8.39,100.4,254,108.8,247,67.4,210,0.057,55,-5.38,293,102.6,280,108,287,-2.2,232
261,Gardner Webb,#N/A,BSth,14-18,-8.59,97.9,304,106.4,192,67.6,196,0.021,122,-2.68,223,103.6,236,106.2,189,7,21
262,Abilene Christian,#N/A,Slnd,16-16,-8.6,98.5,294,107.1,208,68.6,152,0.014,140,-6.17,302,101.8,307,108,292,-2.97,262
263,UC Riverside,UC Riverside,BW,9-22,-8.8,94.9,332,103.7,137,68.1,176,-0.067,321,-0.62,154,104.6,184,105.2,141,2.44,95
264,Pepperdine,Pepperdine,WCC,6-26,-8.85,105.7,163,114.6,325,67.5,206,-0.056,308,1.99,106,107.1,94,105.1,133,-0.24,174
265,Army,Army,Pat,13-17,-8.86,100,259,108.9,249,70.3,65,-0.045,285,-7.07,322,102.3,295,109.4,337,-4.65,301
266,Portland,Portland,WCC,10-22,-8.96,99.7,265,108.6,239,67,224,-0.001,178,2.16,102,107.4,88,105.2,142,1.22,138
267,Cornell,Cornell,Ivy,12-16,-8.97,104.8,180,113.8,323,69.1,114,0.057,54,-2.99,232,104,210,107,242,-1.66,212
268,Montana St.,#N/A,BSky,13-19,-9.13,102.4,223,111.6,300,69.6,93,0.026,111,-2.45,214,105,166,107.5,264,-1.63,209
269,New Orleans,New Orleans,Slnd,15-16,-9.15,98.3,299,107.4,213,66.2,266,0.047,65,-4.29,266,102.2,298,106.4,206,11.23,3
270,Brown,Brown,Ivy,11-16,-9.17,101.1,246,110.3,275,71.6,29,0.004,165,-5.26,288,102.9,269,108.2,299,-6.68,330
271,Green Bay,#N/A,Horz,13-20,-9.23,99.8,261,109.1,254,72.1,23,-0.028,258,-4.43,268,102.8,272,107.3,256,0.31,155
272,Prairie View A&M,#N/A,SWAC,16-18,-9.4,101.5,241,111,289,70.7,54,0.01,147,-7.89,331,100.4,336,108.3,305,10.8,4
273,Santa Clara,Santa Clara,WCC,11-20,-9.72,99.8,262,109.5,262,64.6,325,0.018,127,-0.46,149,106,125,106.4,204,-6.5,328
274,Fairleigh Dickinson,#N/A,NEC,13-18,-9.85,102.6,221,112.4,313,70.4,63,0.025,114,-4.97,281,102.8,273,107.8,276,5.96,32
275,UMKC,UMKC,WAC,10-22,-10.01,98.7,290,108.8,244,69.2,106,-0.009,198,0.39,136,105.3,151,105,127,2.34,98
276,Morehead St.,#N/A,OVC,8-21,-10.08,99.3,274,109.4,258,68.4,160,-0.069,329,-0.58,153,105.1,161,105.7,159,7.73,16
277,Quinnipiac,Quinnipiac,MAAC,12-21,-10.29,102.1,232,112.4,312,66.4,253,0.079,22,-3.74,252,103.6,234,107.3,258,-3.5,280
278,Lafayette,Lafayette,Pat,10-21,-10.32,102.1,236,112.4,311,68.2,169,-0.097,345,-6.39,305,101.9,305,108.3,308,-2.51,241
279,Nebraska Omaha,#N/A,Sum,9-22,-10.38,104.5,188,114.9,329,69.7,87,0.012,142,2.38,98,107.6,84,105.2,140,4.74,48
280,South Florida,#N/A,Amer,10-22,-10.41,99.1,281,109.5,263,64.5,327,-0.013,209,-1.43,173,104.1,205,105.5,153,-11.59,347
281,Arkansas St.,#N/A,SB,11-21,-10.44,104.8,179,115.3,333,69.5,98,0.017,130,-1.9,191,103.4,249,105.3,146,-2.6,245
282,Sacramento St.,#N/A,BSky,7-25,-10.47,100.1,257,110.6,282,65.5,303,-0.067,320,0.64,133,106.3,114,105.6,155,4.04,68
283,New Hampshire,#N/A,AE,10-21,-10.56,98.4,296,108.9,250,65.3,310,-0.069,326,-4.81,277,102.7,277,107.5,266,-3.74,287
284,North Florida,#N/A,ASun,14-19,-10.7,107.9,123,118.6,345,73.5,10,0.074,27,-0.63,155,105.3,156,105.9,170,10.13,6
285,Bethune Cookman,#N/A,MEAC,18-14,-11.12,99.8,260,111,291,76,3,0.025,113,-13.16,351,97.6,351,110.8,349,-5.21,314
286,Eastern Kentucky,#N/A,OVC,11-20,-11.13,101.9,239,113,316,68.5,158,0.017,129,-2.39,212,103.6,233,106,178,1.18,139
287,IUPUI,IUPUI,Horz,11-19,-11.23,98.2,300,109.5,261,66,276,0.03,101,-3.48,245,103.5,245,107,235,2.67,89
288,UMass Lowell,#N/A,AE,12-18,-11.31,103.7,200,115,330,71.5,33,0.002,170,-6.84,317,101.2,327,108,290,-9.34,342
289,Holy Cross,Holy Cross,Pat,12-19,-11.47,97.7,308,109.2,256,62.8,345,0.026,109,-5.84,298,102.2,297,108,294,-3.07,265
290,Western Illinois,#N/A,Sum,12-16,-11.49,96.5,318,108,229,68,182,0.006,159,-1.76,188,105.3,150,107.1,248,-6.46,327
291,McNeese St.,#N/A,Slnd,12-17,-11.52,100.8,250,112.4,310,70.3,64,-0.025,250,-4.77,275,102,300,106.8,229,7.57,18
292,Fordham,Fordham,A10,9-22,-11.62,94.7,334,106.4,190,65.9,280,0.009,151,-0.1,141,105.1,164,105.2,139,-5.12,313
293,Tennessee Martin,#N/A,OVC,10-21,-11.73,95.8,328,107.5,217,66,275,-0.019,230,-4.21,262,103.7,229,107.9,284,-2.61,246
294,Little Rock,#N/A,SB,7-25,-11.73,94.2,338,106,186,64.9,319,-0.058,310,-0.87,159,104.6,182,105.5,149,0.18,162
295,Rice,Rice,CUSA,7-24,-11.88,99,284,110.8,286,67.4,208,-0.041,281,-0.3,145,104.3,196,104.6,113,1.39,131
296,Grambling St.,#N/A,SWAC,17-14,-11.88,94.5,335,106.3,189,72.2,22,0.102,11,-9.8,343,99.2,347,109,329,3.34,81
297,Samford,Samford,SC,10-22,-11.93,108.1,122,120,349,71.1,46,-0.036,270,-1.72,185,104,214,105.7,157,4.11,65
298,San Jose St.,#N/A,MWC,4-26,-12.05,95.9,325,107.9,228,67,230,-0.03,261,3.56,84,107.8,80,104.2,104,-0.09,167
299,Dartmouth,Dartmouth,Ivy,7-20,-12.15,98.7,291,110.9,287,66.7,241,-0.043,282,-3.44,243,104,212,107.4,261,-2.77,253
300,Binghamton,Binghamton,AE,11-20,-12.19,97.6,309,109.8,267,66,277,-0.061,316,-6.84,318,101.4,322,108.2,300,-8.38,339
301,Siena,Siena,MAAC,8-24,-12.23,96.8,316,109,253,65.6,295,-0.015,216,-2.6,219,104.6,178,107.2,254,0.78,148
302,Western Carolina,#N/A,SC,13-19,-12.26,96.1,321,108.3,233,69.3,102,0.102,12,-0.34,147,105.6,139,106,172,5.36,37
303,Sacred Heart,#N/A,NEC,10-21,-12.32,96.4,320,108.8,243,68.3,167,-0.076,334,-7.51,329,101.6,314,109.1,331,-3.75,288
304,Chattanooga,Chattanooga,SC,10-23,-12.57,99.6,268,112.1,307,65.4,306,-0.024,247,-3.14,234,103.8,222,106.9,231,-2.15,230
305,Central Connecticut,#N/A,NEC,14-18,-12.61,98.4,297,111,292,64.4,328,0.066,36,-6.81,316,101.5,317,108.3,307,-3.52,282
306,North Carolina A&T,#N/A,MEAC,20-15,-12.62,98.4,295,111,294,69.2,110,0.098,14,-11.45,348,99.2,346,110.7,347,-1.05,189
307,Cleveland St.,#N/A,Horz,12-23,-12.63,97.8,306,110.5,281,67,227,0.032,99,-3.86,256,103.2,258,107,240,-1.06,190
308,East Carolina,#N/A,Amer,10-20,-12.73,97.1,313,109.8,268,68.6,145,0.026,112,-2.13,202,103.3,252,105.5,150,-16.3,349
309,North Carolina Central,#N/A,MEAC,19-15,-12.76,98.1,302,110.9,288,64.9,320,0.017,128,-12.77,350,98.6,349,111.4,351,-1.58,206
310,St. Francis NY,#N/A,NEC,13-18,-12.82,99,283,111.9,302,69.2,111,0.022,119,-6.73,315,101.8,310,108.5,314,-1.99,221
311,Texas A&M Corpus Chris,#N/A,Slnd,11-18,-12.86,94.9,333,107.8,224,68.1,179,-0.015,214,-5.82,297,101.4,323,107.2,250,4.9,46
312,Kennesaw St.,#N/A,ASun,10-20,-12.9,99.1,282,112,303,68.5,159,-0.023,244,-4.28,264,104.3,198,108.5,315,2.74,87
313,Norfolk St.,#N/A,MEAC,14-19,-13.06,95.7,329,108.8,248,68.9,126,0.002,171,-10.62,345,99.5,344,110.2,345,1.17,140
314,Stetson,Stetson,ASun,12-20,-13.36,98.7,289,112.1,305,69.7,89,-0.041,280,-6.31,304,102.5,287,108.8,327,-4.08,294
315,The Citadel,#N/A,SC,11-21,-13.4,101.9,238,115.3,332,77.2,2,0.062,44,-2.38,210,104,213,106.4,198,0.66,150
316,Savannah St.,#N/A,MEAC,15-17,-13.43,101.3,245,114.7,326,82.2,1,0.108,10,-6.46,309,101.7,312,108.2,298,15.76,2
317,Charlotte,Charlotte,CUSA,6-23,-13.56,99.2,277,112.8,314,71.1,47,-0.024,248,-0.32,146,104.7,176,105,130,-2.97,263
318,SIU Edwardsville,#N/A,OVC,9-21,-13.68,99.7,263,113.4,321,69.1,113,0.069,29,-2.74,225,103.8,220,106.6,217,-1.1,192
319,Marist,Marist,MAAC,6-25,-14.35,98.8,287,113.2,317,69.6,94,-0.048,293,-3.84,254,103.9,216,107.7,275,-3.2,271
320,Jacksonville,Jacksonville,ASun,15-18,-14.36,94.4,337,108.7,242,68.5,156,0.06,49,-6.64,313,102.8,274,109.4,338,-2.98,264
321,Cal Poly,Cal Poly,BW,9-22,-14.66,98.7,293,113.3,319,66.1,270,0.051,60,-0.82,157,104.5,189,105.3,144,0.95,144
322,Detroit,Detroit,Horz,8-24,-14.69,102.6,222,117.2,342,72.3,19,-0.011,202,-2.27,208,103.9,215,106.2,187,5.06,42
323,Morgan St.,#N/A,MEAC,13-19,-14.72,96.6,317,111.4,298,68.8,134,-0.06,313,-11.56,349,99.1,348,110.7,346,0.74,149
324,Loyola MD,#N/A,Pat,9-22,-14.78,96.5,319,111.2,297,68.3,166,0.02,124,-5.26,289,103,264,108.3,306,-1.46,203
325,Youngstown St.,#N/A,Horz,8-24,-15.09,101.4,244,116.5,338,71,49,-0.01,201,-1.94,194,103.5,239,105.5,148,5.54,35
326,Northern Arizona,#N/A,BSky,5-27,-15.72,93.8,339,109.6,264,68.6,153,-0.03,262,0.86,130,106,124,105.1,138,4.29,59
327,Southern,Southern,SWAC,15-18,-15.72,94.4,336,110.1,271,67.9,187,0.051,59,-11.17,346,98.5,350,109.6,341,6.79,25
328,Cal St. Northridge,#N/A,BW,6-24,-16.12,97.2,311,113.3,318,65.7,291,-0.047,290,-2.6,220,103.5,246,106.1,179,-2.96,261
329,American,American,Pat,6-24,-16.22,95.9,326,112.1,304,66.5,251,-0.061,315,-5.94,300,102.6,279,108.6,316,-2.63,247
330,Arkansas Pine Bluff,#N/A,SWAC,14-21,-16.59,93.7,341,110.3,277,67.4,211,0.044,71,-9.49,342,99.3,345,108.8,326,3.92,71
331,VMI,#N/A,SC,9-21,-17.36,90.3,346,107.7,222,68.8,133,0.024,118,-3.43,242,104.5,186,108,289,-2.21,233
332,Houston Baptist,#N/A,Slnd,6-25,-17.6,99.2,276,116.8,340,73.4,13,-0.092,342,-3.27,239,103,266,106.3,192,9.71,7
333,Maine,Maine,AE,6-26,-17.66,91.1,342,108.8,245,71.3,41,-0.002,179,-2.76,226,103.8,219,106.6,219,-1.27,197
334,Presbyterian,Presbyterian,BSth,11-21,-17.76,98.1,301,115.9,336,63.3,343,0.062,47,-5.05,284,102,301,107.1,244,-3.12,267
335,Howard,Howard,MEAC,10-23,-18.98,99.7,264,118.7,346,69.8,85,-0.039,274,-9.17,341,100.2,338,109.3,336,2.5,93
336,Alcorn St.,#N/A,SWAC,11-21,-19.6,95.2,331,114.8,327,67.9,184,-0.055,304,-8.95,338,100,341,109,328,10.34,5
337,Jackson St.,#N/A,SWAC,12-20,-19.8,89.6,348,109.4,259,64,337,0.062,42,-9.93,344,100.1,340,110,343,4.56,54
338,USC Upstate,#N/A,ASun,7-25,-19.85,105.5,167,125.3,351,68.9,123,-0.051,296,-3.25,238,103.5,237,106.8,228,1.92,111
339,Alabama St.,#N/A,SWAC,8-23,-20.12,96,322,116.1,337,68.7,141,-0.018,225,-9.13,340,99.6,343,108.7,323,4.8,47
340,Longwood,Longwood,BSth,7-26,-20.46,89.9,347,110.4,278,69,117,-0.039,275,-3.72,250,103.2,256,107,234,-0.38,177
341,Florida A&M,Florida A&M,MEAC,9-25,-21.15,95.9,324,117,341,67,226,0.04,79,-7.21,323,101.5,319,108.7,321,6.74,26
342,Incarnate Word,#N/A,Slnd,7-21,-21.51,93.8,340,115.3,334,69.6,95,-0.006,190,-5.16,287,101.8,308,107,236,8.6,12
343,South Carolina St.,#N/A,MEAC,10-22,-21.76,97.1,312,118.9,347,70.4,62,0.03,102,-8.59,337,100.7,333,109.3,334,4.91,45
344,Bryant,Bryant,NEC,3-28,-21.76,99.1,280,120.9,350,70,74,-0.013,207,-4.73,273,102.5,284,107.2,255,1.64,120
345,Northwestern St.,#N/A,Slnd,4-25,-22.3,88.7,349,111,290,68.7,137,-0.08,338,-3.18,236,103.1,259,106.3,197,8.17,14
346,Chicago St.,#N/A,WAC,3-29,-22.47,96.9,315,119.4,348,72.1,24,-0.063,317,3.22,88,106.6,106,103.4,83,6.28,28
347,Coppin St.,#N/A,MEAC,5-27,-23.99,86.7,350,110.7,284,67,228,-0.026,255,-6.94,319,101.3,324,108.2,303,5.54,34
348,Mississippi Valley St.,#N/A,SWAC,4-28,-24.39,90.5,345,114.9,328,69.3,101,-0.032,266,-7.35,327,100.8,332,108.1,296,7.51,20
349,Maryland Eastern Shore,#N/A,MEAC,7-25,-26.99,91.1,343,118.1,343,65.8,286,-0.018,224,-7.23,325,101.5,315,108.8,325,7.71,17
350,Delaware St.,#N/A,MEAC,4-28,-28.01,90.5,344,118.5,344,64.8,321,-0.094,344,-9.04,339,100.1,339,109.2,332,1.53,124
351,Alabama A&M,#N/A,SWAC,3-28,-28.57,86.7,351,115.3,331,65.6,292,-0.04,278,-8.06,333,100.6,334,108.7,322,4.97,44
,,#N/A,,,,,,,,,,,,,,,,,,,
,,#N/A,,,,,,,,,,,,,,,,,,,
,,#N/A,,,,,,,,,,,,,,,,,,,
,,#N/A,,,,,,,,,,,,,,,,,,,
,,#N/A,,,,,,,,,,,,,,,,,,,
,,#N/A,,,,,,,,,,,,,,,,,,,
,,#N/A,,,,,,,,,,,,,,,,,,,
,,#N/A,,,,,,,,,,,,,,,,,,,
,,#N/A,,,,,,,,,,,,,,,,,,,
